[
    {
        "id": 1,
        "name": "Uncategorized",
        "slug": "uncategorized",
        "description": null,
        "type": "product",
        "parent": -1,
        "media_id": null,
        "count": 0,
        "media": null
    },
    {
        "id": 2,
        "name": "Uncategorized",
        "slug": "uncategorized",
        "description": null,
        "type": "post",
        "parent": -1,
        "media_id": null,
        "count": 0,
        "media": null
    },
    {
        "id": 3,
        "name": "Articles",
        "slug": "articles",
        "description": null,
        "type": "post",
        "parent": 0,
        "media_id": null,
        "count": 3,
        "media": null
    },
    {
        "id": 4,
        "name": "Bag",
        "slug": "bag",
        "description": null,
        "type": "post",
        "parent": 0,
        "media_id": null,
        "count": 1,
        "media": null
    },
    {
        "id": 5,
        "name": "Fashion",
        "slug": "fashion",
        "description": null,
        "type": "post",
        "parent": 0,
        "media_id": null,
        "count": 2,
        "media": null
    },
    {
        "id": 6,
        "name": "Model",
        "slug": "model",
        "description": null,
        "type": "post",
        "parent": 0,
        "media_id": null,
        "count": 2,
        "media": null
    },
    {
        "id": 7,
        "name": "Travel",
        "slug": "travel",
        "description": null,
        "type": "post",
        "parent": 0,
        "media_id": null,
        "count": 1,
        "media": null
    },
    {
        "id": 8,
        "name": "Caps",
        "slug": "caps",
        "description": null,
        "type": "product",
        "parent": 0,
        "media_id": null,
        "count": 0,
        "media": null
    },
    {
        "id": 9,
        "name": "Electronics",
        "slug": "electronics",
        "description": null,
        "type": "product",
        "parent": 0,
        "media_id": null,
        "count": 13,
        "media": null
    },
    {
        "id": 10,
        "name": "3D Printer Kit",
        "slug": "3d-printer-kit",
        "description": null,
        "type": "product",
        "parent": 9,
        "media_id": null,
        "count": 4,
        "media": null
    },
    {
        "id": 11,
        "name": "Arduino Compatible Boards",
        "slug": "arduino-compatible-boards",
        "description": null,
        "type": "product",
        "parent": 9,
        "media_id": null,
        "count": 4,
        "media": null
    },
    {
        "id": 12,
        "name": "Digital Microscope",
        "slug": "digital-microscope",
        "description": null,
        "type": "product",
        "parent": 9,
        "media_id": null,
        "count": 4,
        "media": null
    },
    {
        "id": 13,
        "name": "Furniture",
        "slug": "furniture",
        "description": null,
        "type": "product",
        "parent": 9,
        "media_id": null,
        "count": 4,
        "media": null
    },
    {
        "id": 14,
        "name": "IP Camera",
        "slug": "ip-camera",
        "description": null,
        "type": "product",
        "parent": 9,
        "media_id": null,
        "count": 4,
        "media": null
    },
    {
        "id": 15,
        "name": "Toys",
        "slug": "toys",
        "description": null,
        "type": "product",
        "parent": 9,
        "media_id": null,
        "count": 4,
        "media": null
    },
    {
        "id": 16,
        "name": "Fashion",
        "slug": "fashion",
        "description": null,
        "type": "product",
        "parent": 0,
        "media_id": null,
        "count": 10,
        "media": null
    },
    {
        "id": 17,
        "name": "Motors",
        "slug": "motors",
        "description": null,
        "type": "product",
        "parent": 16,
        "media_id": null,
        "count": 4,
        "media": null
    },
    {
        "id": 18,
        "name": "Oneplus 6",
        "slug": "oneplus-6",
        "description": null,
        "type": "product",
        "parent": 16,
        "media_id": null,
        "count": 4,
        "media": null
    },
    {
        "id": 19,
        "name": "Power Bank",
        "slug": "power-bank",
        "description": null,
        "type": "product",
        "parent": 16,
        "media_id": null,
        "count": 4,
        "media": null
    },
    {
        "id": 20,
        "name": "Shoes",
        "slug": "shoes",
        "description": null,
        "type": "product",
        "parent": 16,
        "media_id": null,
        "count": 4,
        "media": null
    },
    {
        "id": 21,
        "name": "Smart Watch",
        "slug": "smart-watch",
        "description": null,
        "type": "product",
        "parent": 16,
        "media_id": null,
        "count": 4,
        "media": null
    },
    {
        "id": 22,
        "name": "Type-c cable",
        "slug": "type-c-cable",
        "description": null,
        "type": "product",
        "parent": 16,
        "media_id": null,
        "count": 5,
        "media": null
    },
    {
        "id": 23,
        "name": "Xiaomi Mi A2",
        "slug": "xiaomi-mi-a2",
        "description": null,
        "type": "product",
        "parent": 16,
        "media_id": null,
        "count": 4,
        "media": null
    },
    {
        "id": 24,
        "name": "Xiaomi Mi Band 3",
        "slug": "xiaomi-mi-band-3",
        "description": null,
        "type": "product",
        "parent": 16,
        "media_id": null,
        "count": 4,
        "media": null
    },
    {
        "id": 25,
        "name": "Garden",
        "slug": "garden",
        "description": null,
        "type": "product",
        "parent": 0,
        "media_id": null,
        "count": 5,
        "media": null
    },
    {
        "id": 26,
        "name": "Gifts",
        "slug": "gifts",
        "description": null,
        "type": "product",
        "parent": 0,
        "media_id": null,
        "count": 6,
        "media": null
    },
    {
        "id": 27,
        "name": "Trousers",
        "slug": "trousers",
        "description": null,
        "type": "product",
        "parent": 0,
        "media_id": null,
        "count": 3,
        "media": null
    },
    {
        "id": 28,
        "name": "Music",
        "slug": "music",
        "description": null,
        "type": "product",
        "parent": 0,
        "media_id": null,
        "count": 4,
        "media": null
    }
]