[
    {
        "id": 1,
        "parent": 0,
        "customer_email": "merle@gmail.com",
        "customer_name": "Merle Brandell",
        "author_id": 1,
        "shipping_first_name": "Michael",
        "shipping_last_name": "Andrew",
        "shipping_company": null,
        "shipping_street_1": "Blablabla",
        "shipping_street_2": null,
        "shipping_city": "Sacramento",
        "shipping_state": "CA",
        "shipping_postcode": "11111",
        "shipping_country": "US",
        "billing_first_name": "Michael",
        "billing_last_name": "Andrew",
        "billing_company": null,
        "billing_street_1": "Blablabla",
        "billing_street_2": null,
        "billing_city": "Sacramento",
        "billing_state": "CA",
        "billing_postcode": "11111",
        "billing_country": "US",
        "billing_phone": "11111",
        "billing_email": "andrew@gmail.com",
        "shipping_method": "Flat rate",
        "payment_method": "Cash on Delivery",
        "shipping_cost": "10.00",
        "shipping_tax": "0.00",
        "order_tax": "0.00",
        "order_total_price": "903.00",
        "order_refunded_price": "-73.00",
        "order_total_qty": 6,
        "status": "processing",
        "order_info": null,
        "vendor_net": "0.00",
        "order_type": "order",
        "created_at": "2021-01-05 23:58:33",
        "updated_at": "2021-03-23 06:12:35",
        "refund": [
            {
                "id": 2,
                "parent": 1,
                "customer_email": "merle@gmail.com",
                "customer_name": "Merle Brandell",
                "author_id": 1,
                "shipping_first_name": "Michael",
                "shipping_last_name": "Andrew",
                "shipping_company": null,
                "shipping_street_1": "Blablabla",
                "shipping_street_2": null,
                "shipping_city": "Sacramento",
                "shipping_state": "CA",
                "shipping_postcode": "11111",
                "shipping_country": "US",
                "billing_first_name": "Michael",
                "billing_last_name": "Andrew",
                "billing_company": null,
                "billing_street_1": "Blablabla",
                "billing_street_2": null,
                "billing_city": "Sacramento",
                "billing_state": "CA",
                "billing_postcode": "11111",
                "billing_country": "US",
                "billing_phone": "11111",
                "billing_email": "andrew@gmail.com",
                "shipping_method": "Flat rate",
                "payment_method": "Cash on Delivery",
                "shipping_cost": "0.00",
                "shipping_tax": "0.00",
                "order_tax": "0.00",
                "order_total_price": "-73.00",
                "order_refunded_price": "0.00",
                "order_total_qty": -1,
                "status": "completed",
                "order_info": null,
                "vendor_net": "0.00",
                "order_type": "refund",
                "created_at": "2021-03-23 06:12:35",
                "updated_at": "2021-03-23 06:12:35",
                "diff": "1 day ago",
                "period": "March 2021",
                "author": {
                    "id": 1,
                    "email": "ken@gmail.com",
                    "two_factor_secret": null,
                    "two_factor_recovery_codes": null,
                    "first_name": "Ken",
                    "last_name": "Straus",
                    "role_id": 7,
                    "website": null,
                    "ip_address": null,
                    "billing_first_name": null,
                    "billing_last_name": null,
                    "billing_company": null,
                    "billing_address_1": null,
                    "billing_address_2": null,
                    "billing_city": null,
                    "billing_state": null,
                    "billing_postcode": null,
                    "billing_country": null,
                    "billing_email": null,
                    "billing_phone": null,
                    "shipping_first_name": null,
                    "shipping_last_name": null,
                    "shipping_company": null,
                    "shipping_address_1": null,
                    "shipping_address_2": null,
                    "shipping_city": null,
                    "shipping_state": null,
                    "shipping_country": null,
                    "shipping_postcode": null,
                    "sign_up": "2021-01-05T00:00:00.000000Z",
                    "last_active": "2021-03-24T00:00:00.000000Z",
                    "is_seen": 1,
                    "description": null,
                    "created_at": "2021-01-05 23:58:31",
                    "updated_at": "2021-03-24 04:28:12"
                },
                "customer": {
                    "id": 3,
                    "email": "merle@gmail.com",
                    "two_factor_secret": null,
                    "two_factor_recovery_codes": null,
                    "first_name": "Merle",
                    "last_name": "Brandell",
                    "role_id": 2,
                    "website": null,
                    "ip_address": null,
                    "billing_first_name": null,
                    "billing_last_name": null,
                    "billing_company": null,
                    "billing_address_1": null,
                    "billing_address_2": null,
                    "billing_city": null,
                    "billing_state": null,
                    "billing_postcode": null,
                    "billing_country": null,
                    "billing_email": null,
                    "billing_phone": null,
                    "shipping_first_name": null,
                    "shipping_last_name": null,
                    "shipping_company": null,
                    "shipping_address_1": null,
                    "shipping_address_2": null,
                    "shipping_city": null,
                    "shipping_state": null,
                    "shipping_country": null,
                    "shipping_postcode": null,
                    "sign_up": "2021-01-05T23:58:33.000000Z",
                    "last_active": "2021-01-05T00:00:00.000000Z",
                    "is_seen": 0,
                    "description": "Lorem ipsum dolor sit amet, consectetur adipiscing elit. Nam viverra euismod odio, gravida pellentesque urna varius vitae. Sed dui lorem, adipiscing in adipiscing et, interdum nec metus. Mauris ultricies, justo eu convallis placerat, felis enim ornare nisi, vitae mattis nulla ante id dui.",
                    "created_at": "2021-01-05 23:58:33",
                    "updated_at": "2021-01-05 23:58:33"
                },
                "coupons": [],
                "items": [
                    {
                        "id": 4,
                        "order_id": 2,
                        "product_id": 44,
                        "parent_id": 44,
                        "name": "Casual Spring Blue Shoes",
                        "qty": -1,
                        "net_revenue": "-73.00",
                        "gross_revenue": "-73.00",
                        "coupon_amount": "0.00",
                        "tax_amount": "0.00",
                        "shipping_amount": "0.00",
                        "shipping_tax_amount": "0.00",
                        "created_at": "2021-03-23 06:12:35",
                        "updated_at": "2021-03-23 06:12:35"
                    }
                ],
                "notes": []
            }
        ],
        "diff": "2 months ago",
        "period": "January 2021",
        "author": {
            "id": 1,
            "email": "ken@gmail.com",
            "two_factor_secret": null,
            "two_factor_recovery_codes": null,
            "first_name": "Ken",
            "last_name": "Straus",
            "role_id": 7,
            "website": null,
            "ip_address": null,
            "billing_first_name": null,
            "billing_last_name": null,
            "billing_company": null,
            "billing_address_1": null,
            "billing_address_2": null,
            "billing_city": null,
            "billing_state": null,
            "billing_postcode": null,
            "billing_country": null,
            "billing_email": null,
            "billing_phone": null,
            "shipping_first_name": null,
            "shipping_last_name": null,
            "shipping_company": null,
            "shipping_address_1": null,
            "shipping_address_2": null,
            "shipping_city": null,
            "shipping_state": null,
            "shipping_country": null,
            "shipping_postcode": null,
            "sign_up": "2021-01-05T00:00:00.000000Z",
            "last_active": "2021-03-24T00:00:00.000000Z",
            "is_seen": 1,
            "description": null,
            "created_at": "2021-01-05 23:58:31",
            "updated_at": "2021-03-24 04:28:12"
        },
        "customer": {
            "id": 3,
            "email": "merle@gmail.com",
            "two_factor_secret": null,
            "two_factor_recovery_codes": null,
            "first_name": "Merle",
            "last_name": "Brandell",
            "role_id": 2,
            "website": null,
            "ip_address": null,
            "billing_first_name": null,
            "billing_last_name": null,
            "billing_company": null,
            "billing_address_1": null,
            "billing_address_2": null,
            "billing_city": null,
            "billing_state": null,
            "billing_postcode": null,
            "billing_country": null,
            "billing_email": null,
            "billing_phone": null,
            "shipping_first_name": null,
            "shipping_last_name": null,
            "shipping_company": null,
            "shipping_address_1": null,
            "shipping_address_2": null,
            "shipping_city": null,
            "shipping_state": null,
            "shipping_country": null,
            "shipping_postcode": null,
            "sign_up": "2021-01-05T23:58:33.000000Z",
            "last_active": "2021-01-05T00:00:00.000000Z",
            "is_seen": 0,
            "description": "Lorem ipsum dolor sit amet, consectetur adipiscing elit. Nam viverra euismod odio, gravida pellentesque urna varius vitae. Sed dui lorem, adipiscing in adipiscing et, interdum nec metus. Mauris ultricies, justo eu convallis placerat, felis enim ornare nisi, vitae mattis nulla ante id dui.",
            "created_at": "2021-01-05 23:58:33",
            "updated_at": "2021-01-05 23:58:33"
        },
        "coupons": [],
        "items": [
            {
                "id": 1,
                "order_id": 1,
                "product_id": 46,
                "parent_id": 46,
                "name": "Fashion Men Watch",
                "qty": 1,
                "net_revenue": "312.00",
                "gross_revenue": "312.00",
                "coupon_amount": "0.00",
                "tax_amount": "0.00",
                "shipping_amount": "0.00",
                "shipping_tax_amount": "0.00",
                "created_at": "2021-01-05 23:58:33",
                "updated_at": "2021-01-05 23:58:33"
            },
            {
                "id": 2,
                "order_id": 1,
                "product_id": 44,
                "parent_id": 44,
                "name": "Casual Spring Blue Shoes",
                "qty": 2,
                "net_revenue": "146.00",
                "gross_revenue": "146.00",
                "coupon_amount": "0.00",
                "tax_amount": "0.00",
                "shipping_amount": "0.00",
                "shipping_tax_amount": "0.00",
                "created_at": "2021-01-05 23:58:33",
                "updated_at": "2021-01-05 23:58:33"
            },
            {
                "id": 3,
                "order_id": 1,
                "product_id": 18,
                "parent_id": 15,
                "name": "Blue Backpack for the Young - #ddb577, S",
                "qty": 3,
                "net_revenue": "435.00",
                "gross_revenue": "435.00",
                "coupon_amount": "0.00",
                "tax_amount": "0.00",
                "shipping_amount": "0.00",
                "shipping_tax_amount": "0.00",
                "created_at": "2021-01-05 23:58:33",
                "updated_at": "2021-01-05 23:58:33"
            }
        ],
        "notes": []
    },
    {
        "id": 3,
        "parent": 0,
        "customer_email": "anita@gmail.com",
        "customer_name": "Joe Anita",
        "author_id": 1,
        "shipping_first_name": "Joe",
        "shipping_last_name": "Anita",
        "shipping_company": "blabla",
        "shipping_street_1": "blabla",
        "shipping_street_2": null,
        "shipping_city": "blabla",
        "shipping_state": "CA",
        "shipping_postcode": "11111",
        "shipping_country": "US",
        "billing_first_name": "Joe",
        "billing_last_name": "Anita",
        "billing_company": "blabla",
        "billing_street_1": "blabla",
        "billing_street_2": null,
        "billing_city": "blabla",
        "billing_state": "CA",
        "billing_postcode": "11111",
        "billing_country": "US",
        "billing_phone": "11111",
        "billing_email": "anita@gmail.com",
        "shipping_method": null,
        "payment_method": "cash_on_delivery",
        "shipping_cost": "0.00",
        "shipping_tax": "0.00",
        "order_tax": "284.75",
        "order_total_price": "5680.75",
        "order_refunded_price": "0.00",
        "order_total_qty": 4,
        "status": "on-hold",
        "order_info": null,
        "vendor_net": "0.00",
        "order_type": "order",
        "created_at": "2021-03-23 06:14:10",
        "updated_at": "2021-03-23 06:14:10",
        "refund": [],
        "diff": "1 day ago",
        "period": "March 2021",
        "author": {
            "id": 1,
            "email": "ken@gmail.com",
            "two_factor_secret": null,
            "two_factor_recovery_codes": null,
            "first_name": "Ken",
            "last_name": "Straus",
            "role_id": 7,
            "website": null,
            "ip_address": null,
            "billing_first_name": null,
            "billing_last_name": null,
            "billing_company": null,
            "billing_address_1": null,
            "billing_address_2": null,
            "billing_city": null,
            "billing_state": null,
            "billing_postcode": null,
            "billing_country": null,
            "billing_email": null,
            "billing_phone": null,
            "shipping_first_name": null,
            "shipping_last_name": null,
            "shipping_company": null,
            "shipping_address_1": null,
            "shipping_address_2": null,
            "shipping_city": null,
            "shipping_state": null,
            "shipping_country": null,
            "shipping_postcode": null,
            "sign_up": "2021-01-05T00:00:00.000000Z",
            "last_active": "2021-03-24T00:00:00.000000Z",
            "is_seen": 1,
            "description": null,
            "created_at": "2021-01-05 23:58:31",
            "updated_at": "2021-03-24 04:28:12"
        },
        "customer": {
            "id": 4,
            "email": "anita@gmail.com",
            "two_factor_secret": null,
            "two_factor_recovery_codes": null,
            "first_name": "Joe",
            "last_name": "Anita",
            "role_id": 2,
            "website": null,
            "ip_address": null,
            "billing_first_name": "Joe",
            "billing_last_name": "Anita",
            "billing_company": "blabla",
            "billing_address_1": "blabla",
            "billing_address_2": null,
            "billing_city": "blabla",
            "billing_state": "CA",
            "billing_postcode": "11111",
            "billing_country": "US",
            "billing_email": "anita@gmail.com",
            "billing_phone": "11111",
            "shipping_first_name": null,
            "shipping_last_name": null,
            "shipping_company": null,
            "shipping_address_1": null,
            "shipping_address_2": null,
            "shipping_city": null,
            "shipping_state": null,
            "shipping_country": null,
            "shipping_postcode": null,
            "sign_up": "2021-01-05T23:58:33.000000Z",
            "last_active": "2021-01-05T00:00:00.000000Z",
            "is_seen": 1,
            "description": "Lorem ipsum dolor sit amet, consectetur adipiscing elit. Nam viverra euismod odio, gravida pellentesque urna varius vitae. Sed dui lorem, adipiscing in adipiscing et, interdum nec metus. Mauris ultricies, justo eu convallis placerat, felis enim ornare nisi, vitae mattis nulla ante id dui.",
            "created_at": "2021-01-05 23:58:33",
            "updated_at": "2021-03-15 17:16:49"
        },
        "coupons": [],
        "items": [
            {
                "id": 5,
                "order_id": 3,
                "product_id": 3,
                "parent_id": 0,
                "name": "Laptop Case Bag",
                "qty": 3,
                "net_revenue": "5097.00",
                "gross_revenue": "5351.85",
                "coupon_amount": "0.00",
                "tax_amount": "254.85",
                "shipping_amount": "0.00",
                "shipping_tax_amount": "0.00",
                "created_at": "2021-03-23 06:14:10",
                "updated_at": "2021-03-23 06:14:10"
            },
            {
                "id": 6,
                "order_id": 3,
                "product_id": 5,
                "parent_id": 0,
                "name": "Brown Bag",
                "qty": 1,
                "net_revenue": "299.00",
                "gross_revenue": "328.90",
                "coupon_amount": "0.00",
                "tax_amount": "29.90",
                "shipping_amount": "0.00",
                "shipping_tax_amount": "0.00",
                "created_at": "2021-03-23 06:14:10",
                "updated_at": "2021-03-23 06:14:10"
            }
        ],
        "notes": []
    }
]