[
    {
        "id": 1,
        "title": "Top New Collection",
        "allow_comments": true,
        "short_desc": "Lorem Ipsum is simply dummy text of the printing and typesetting industry. Lorem Ipsum has been the industry's standard...",
        "description": "Lorem ipsum dolor sit amet, consectetur adipiscing elit. Cras non placerat mi. Etiam non tellus sem. Aenean pretium convallis lorem, sit amet dapibus ante mollis a. Integer bibendum interdum sem, eget volutpat purus pulvinar in. Sed tristique augue vitae sagittis porta. Phasellus ullamcorper, dolor suscipit mattis viverra, sapien elit condimentum odio, ut imperdiet nisi risus sit amet ante. Sed sem lorem, laoreet et facilisis quis, tincidunt non lorem. Etiam tempus, dolor in sollicitudin faucibus, sem massa accumsan erat.“ Many desktop publishing packages and web page editors now use Lorem Ipsum as their default model search for evolved over sometimes by accident, sometimes on purpose ”Aenean lorem diam, venenatis nec venenatis id, adipiscing ac massa. Nam vel dui eget justo dictum pretium a rhoncus ipsum. Donec venenatis erat tincidunt nunc suscipit, sit amet bibendum lacus posuere. Sed scelerisque, dolor a pharetra sodales, mi augue consequat sapien, et interdum tellus leo et nunc. Nunc imperdiet eu libero ut imperdiet.",
        "author_id": 1,
        "enabled": true,
        "created_at": "2021-01-05 23:58:33",
        "updated_at": "2021-01-05 23:58:33",
        "comments_count": 0,
        "period": "January 2021",
        "author": {
            "id": 1,
            "email": "ken@gmail.com",
            "two_factor_secret": null,
            "two_factor_recovery_codes": null,
            "first_name": "Ken",
            "last_name": "Straus",
            "role_id": 7,
            "website": null,
            "ip_address": null,
            "billing_first_name": null,
            "billing_last_name": null,
            "billing_company": null,
            "billing_address_1": null,
            "billing_address_2": null,
            "billing_city": null,
            "billing_state": null,
            "billing_postcode": null,
            "billing_country": null,
            "billing_email": null,
            "billing_phone": null,
            "shipping_first_name": null,
            "shipping_last_name": null,
            "shipping_company": null,
            "shipping_address_1": null,
            "shipping_address_2": null,
            "shipping_city": null,
            "shipping_state": null,
            "shipping_country": null,
            "shipping_postcode": null,
            "sign_up": "2021-01-05T00:00:00.000000Z",
            "last_active": "2021-03-19T00:00:00.000000Z",
            "is_seen": 0,
            "description": null,
            "created_at": "2021-01-05 23:58:31",
            "updated_at": "2021-03-19 00:03:57"
        },
        "media": [
            {
                "id": 1,
                "name": "post-1",
                "type": "image/jpeg",
                "size": 9095,
                "width": 265,
                "height": 198,
                "alt_text": null,
                "description": null,
                "uploaded_by": "Joe Doe",
                "copy_link": "post-1.jpg",
                "author_id": 1,
                "created_at": "2021-01-05 23:58:33",
                "updated_at": "2021-01-05 23:58:33",
                "pivot": {
                    "post_id": 1,
                    "media_id": 1
                }
            }
        ],
        "categories": [
            {
                "id": 3,
                "name": "Articles",
                "slug": "articles",
                "parent": 0,
                "description": null,
                "media_id": null,
                "icon": null,
                "type": "post",
                "created_at": "2021-01-05 23:58:33",
                "updated_at": "2021-01-05 23:58:33",
                "count": 3,
                "pivot": {
                    "post_id": 1,
                    "category_id": 3
                }
            },
            {
                "id": 7,
                "name": "Travel",
                "slug": "travel",
                "parent": 0,
                "description": null,
                "media_id": null,
                "icon": null,
                "type": "post",
                "created_at": "2021-01-05 23:58:33",
                "updated_at": "2021-01-05 23:58:33",
                "count": 1,
                "pivot": {
                    "post_id": 1,
                    "category_id": 7
                }
            }
        ],
        "tags": []
    },
    {
        "id": 2,
        "title": "Fashion Trends",
        "allow_comments": true,
        "short_desc": "Lorem Ipsum is simply dummy text of the printing and typesetting industry. Lorem Ipsum has been the industry's standard...",
        "description": "Lorem ipsum dolor sit amet, consectetur adipiscing elit. Cras non placerat mi. Etiam non tellus sem. Aenean pretium convallis lorem, sit amet dapibus ante mollis a. Integer bibendum interdum sem, eget volutpat purus pulvinar in. Sed tristique augue vitae sagittis porta. Phasellus ullamcorper, dolor suscipit mattis viverra, sapien elit condimentum odio, ut imperdiet nisi risus sit amet ante. Sed sem lorem, laoreet et facilisis quis, tincidunt non lorem. Etiam tempus, dolor in sollicitudin faucibus, sem massa accumsan erat.“ Many desktop publishing packages and web page editors now use Lorem Ipsum as their default model search for evolved over sometimes by accident, sometimes on purpose ”Aenean lorem diam, venenatis nec venenatis id, adipiscing ac massa. Nam vel dui eget justo dictum pretium a rhoncus ipsum. Donec venenatis erat tincidunt nunc suscipit, sit amet bibendum lacus posuere. Sed scelerisque, dolor a pharetra sodales, mi augue consequat sapien, et interdum tellus leo et nunc. Nunc imperdiet eu libero ut imperdiet.",
        "author_id": 1,
        "enabled": true,
        "created_at": "2021-01-05 23:58:33",
        "updated_at": "2021-01-05 23:58:33",
        "comments_count": 0,
        "period": "January 2021",
        "author": {
            "id": 1,
            "email": "ken@gmail.com",
            "two_factor_secret": null,
            "two_factor_recovery_codes": null,
            "first_name": "Ken",
            "last_name": "Straus",
            "role_id": 7,
            "website": null,
            "ip_address": null,
            "billing_first_name": null,
            "billing_last_name": null,
            "billing_company": null,
            "billing_address_1": null,
            "billing_address_2": null,
            "billing_city": null,
            "billing_state": null,
            "billing_postcode": null,
            "billing_country": null,
            "billing_email": null,
            "billing_phone": null,
            "shipping_first_name": null,
            "shipping_last_name": null,
            "shipping_company": null,
            "shipping_address_1": null,
            "shipping_address_2": null,
            "shipping_city": null,
            "shipping_state": null,
            "shipping_country": null,
            "shipping_postcode": null,
            "sign_up": "2021-01-05T00:00:00.000000Z",
            "last_active": "2021-03-19T00:00:00.000000Z",
            "is_seen": 0,
            "description": null,
            "created_at": "2021-01-05 23:58:31",
            "updated_at": "2021-03-19 00:03:57"
        },
        "media": [
            {
                "id": 2,
                "name": "post-2",
                "type": "image/jpeg",
                "size": 13652,
                "width": 265,
                "height": 198,
                "alt_text": null,
                "description": null,
                "uploaded_by": "Joe Doe",
                "copy_link": "post-2.jpg",
                "author_id": 1,
                "created_at": "2021-01-05 23:58:33",
                "updated_at": "2021-01-05 23:58:33",
                "pivot": {
                    "post_id": 2,
                    "media_id": 2
                }
            }
        ],
        "categories": [
            {
                "id": 5,
                "name": "Fashion",
                "slug": "fashion",
                "parent": 0,
                "description": null,
                "media_id": null,
                "icon": null,
                "type": "post",
                "created_at": "2021-01-05 23:58:33",
                "updated_at": "2021-01-05 23:58:33",
                "count": 2,
                "pivot": {
                    "post_id": 2,
                    "category_id": 5
                }
            },
            {
                "id": 6,
                "name": "Model",
                "slug": "model",
                "parent": 0,
                "description": null,
                "media_id": null,
                "icon": null,
                "type": "post",
                "created_at": "2021-01-05 23:58:33",
                "updated_at": "2021-01-05 23:58:33",
                "count": 2,
                "pivot": {
                    "post_id": 2,
                    "category_id": 6
                }
            }
        ],
        "tags": []
    },
    {
        "id": 3,
        "title": "Right Choices",
        "allow_comments": true,
        "short_desc": "Lorem Ipsum is simply dummy text of the printing and typesetting industry. Lorem Ipsum has been the industry's standard...",
        "description": "Lorem ipsum dolor sit amet, consectetur adipiscing elit. Cras non placerat mi. Etiam non tellus sem. Aenean pretium convallis lorem, sit amet dapibus ante mollis a. Integer bibendum interdum sem, eget volutpat purus pulvinar in. Sed tristique augue vitae sagittis porta. Phasellus ullamcorper, dolor suscipit mattis viverra, sapien elit condimentum odio, ut imperdiet nisi risus sit amet ante. Sed sem lorem, laoreet et facilisis quis, tincidunt non lorem. Etiam tempus, dolor in sollicitudin faucibus, sem massa accumsan erat.“ Many desktop publishing packages and web page editors now use Lorem Ipsum as their default model search for evolved over sometimes by accident, sometimes on purpose ”Aenean lorem diam, venenatis nec venenatis id, adipiscing ac massa. Nam vel dui eget justo dictum pretium a rhoncus ipsum. Donec venenatis erat tincidunt nunc suscipit, sit amet bibendum lacus posuere. Sed scelerisque, dolor a pharetra sodales, mi augue consequat sapien, et interdum tellus leo et nunc. Nunc imperdiet eu libero ut imperdiet.",
        "author_id": 1,
        "enabled": true,
        "created_at": "2021-01-05 23:58:33",
        "updated_at": "2021-01-05 23:58:33",
        "comments_count": 0,
        "period": "January 2021",
        "author": {
            "id": 1,
            "email": "ken@gmail.com",
            "two_factor_secret": null,
            "two_factor_recovery_codes": null,
            "first_name": "Ken",
            "last_name": "Straus",
            "role_id": 7,
            "website": null,
            "ip_address": null,
            "billing_first_name": null,
            "billing_last_name": null,
            "billing_company": null,
            "billing_address_1": null,
            "billing_address_2": null,
            "billing_city": null,
            "billing_state": null,
            "billing_postcode": null,
            "billing_country": null,
            "billing_email": null,
            "billing_phone": null,
            "shipping_first_name": null,
            "shipping_last_name": null,
            "shipping_company": null,
            "shipping_address_1": null,
            "shipping_address_2": null,
            "shipping_city": null,
            "shipping_state": null,
            "shipping_country": null,
            "shipping_postcode": null,
            "sign_up": "2021-01-05T00:00:00.000000Z",
            "last_active": "2021-03-19T00:00:00.000000Z",
            "is_seen": 0,
            "description": null,
            "created_at": "2021-01-05 23:58:31",
            "updated_at": "2021-03-19 00:03:57"
        },
        "media": [
            {
                "id": 3,
                "name": "post-3",
                "type": "image/jpeg",
                "size": 12088,
                "width": 265,
                "height": 198,
                "alt_text": null,
                "description": null,
                "uploaded_by": "Joe Doe",
                "copy_link": "post-3.jpg",
                "author_id": 1,
                "created_at": "2021-01-05 23:58:33",
                "updated_at": "2021-01-05 23:58:33",
                "pivot": {
                    "post_id": 3,
                    "media_id": 3
                }
            }
        ],
        "categories": [
            {
                "id": 3,
                "name": "Articles",
                "slug": "articles",
                "parent": 0,
                "description": null,
                "media_id": null,
                "icon": null,
                "type": "post",
                "created_at": "2021-01-05 23:58:33",
                "updated_at": "2021-01-05 23:58:33",
                "count": 3,
                "pivot": {
                    "post_id": 3,
                    "category_id": 3
                }
            },
            {
                "id": 4,
                "name": "Bag",
                "slug": "bag",
                "parent": 0,
                "description": null,
                "media_id": null,
                "icon": null,
                "type": "post",
                "created_at": "2021-01-05 23:58:33",
                "updated_at": "2021-01-05 23:58:33",
                "count": 1,
                "pivot": {
                    "post_id": 3,
                    "category_id": 4
                }
            }
        ],
        "tags": []
    },
    {
        "id": 4,
        "title": "Perfect Accessories",
        "allow_comments": true,
        "short_desc": "Lorem Ipsum is simply dummy text of the printing and typesetting industry. Lorem Ipsum has been the industry's standard...",
        "description": "Lorem ipsum dolor sit amet, consectetur adipiscing elit. Cras non placerat mi. Etiam non tellus sem. Aenean pretium convallis lorem, sit amet dapibus ante mollis a. Integer bibendum interdum sem, eget volutpat purus pulvinar in. Sed tristique augue vitae sagittis porta. Phasellus ullamcorper, dolor suscipit mattis viverra, sapien elit condimentum odio, ut imperdiet nisi risus sit amet ante. Sed sem lorem, laoreet et facilisis quis, tincidunt non lorem. Etiam tempus, dolor in sollicitudin faucibus, sem massa accumsan erat.“ Many desktop publishing packages and web page editors now use Lorem Ipsum as their default model search for evolved over sometimes by accident, sometimes on purpose ”Aenean lorem diam, venenatis nec venenatis id, adipiscing ac massa. Nam vel dui eget justo dictum pretium a rhoncus ipsum. Donec venenatis erat tincidunt nunc suscipit, sit amet bibendum lacus posuere. Sed scelerisque, dolor a pharetra sodales, mi augue consequat sapien, et interdum tellus leo et nunc. Nunc imperdiet eu libero ut imperdiet.",
        "author_id": 1,
        "enabled": true,
        "created_at": "2021-01-05 23:58:33",
        "updated_at": "2021-01-05 23:58:33",
        "comments_count": 0,
        "period": "January 2021",
        "author": {
            "id": 1,
            "email": "ken@gmail.com",
            "two_factor_secret": null,
            "two_factor_recovery_codes": null,
            "first_name": "Ken",
            "last_name": "Straus",
            "role_id": 7,
            "website": null,
            "ip_address": null,
            "billing_first_name": null,
            "billing_last_name": null,
            "billing_company": null,
            "billing_address_1": null,
            "billing_address_2": null,
            "billing_city": null,
            "billing_state": null,
            "billing_postcode": null,
            "billing_country": null,
            "billing_email": null,
            "billing_phone": null,
            "shipping_first_name": null,
            "shipping_last_name": null,
            "shipping_company": null,
            "shipping_address_1": null,
            "shipping_address_2": null,
            "shipping_city": null,
            "shipping_state": null,
            "shipping_country": null,
            "shipping_postcode": null,
            "sign_up": "2021-01-05T00:00:00.000000Z",
            "last_active": "2021-03-19T00:00:00.000000Z",
            "is_seen": 0,
            "description": null,
            "created_at": "2021-01-05 23:58:31",
            "updated_at": "2021-03-19 00:03:57"
        },
        "media": [
            {
                "id": 4,
                "name": "post-4",
                "type": "image/jpeg",
                "size": 15289,
                "width": 265,
                "height": 198,
                "alt_text": null,
                "description": null,
                "uploaded_by": "Joe Doe",
                "copy_link": "post-4.jpg",
                "author_id": 1,
                "created_at": "2021-01-05 23:58:33",
                "updated_at": "2021-01-05 23:58:33",
                "pivot": {
                    "post_id": 4,
                    "media_id": 4
                }
            }
        ],
        "categories": [
            {
                "id": 3,
                "name": "Articles",
                "slug": "articles",
                "parent": 0,
                "description": null,
                "media_id": null,
                "icon": null,
                "type": "post",
                "created_at": "2021-01-05 23:58:33",
                "updated_at": "2021-01-05 23:58:33",
                "count": 3,
                "pivot": {
                    "post_id": 4,
                    "category_id": 3
                }
            },
            {
                "id": 5,
                "name": "Fashion",
                "slug": "fashion",
                "parent": 0,
                "description": null,
                "media_id": null,
                "icon": null,
                "type": "post",
                "created_at": "2021-01-05 23:58:33",
                "updated_at": "2021-01-05 23:58:33",
                "count": 2,
                "pivot": {
                    "post_id": 4,
                    "category_id": 5
                }
            },
            {
                "id": 6,
                "name": "Model",
                "slug": "model",
                "parent": 0,
                "description": null,
                "media_id": null,
                "icon": null,
                "type": "post",
                "created_at": "2021-01-05 23:58:33",
                "updated_at": "2021-01-05 23:58:33",
                "count": 2,
                "pivot": {
                    "post_id": 4,
                    "category_id": 6
                }
            }
        ],
        "tags": []
    }
]