[
    {
        "id": 1,
        "name": "Bag",
        "slug": "bag",
        "description": null,
        "type": "product",
        "created_at": "2021-01-05 23:58:33",
        "updated_at": "2021-01-05 23:58:33",
        "count": 0
    },
    {
        "id": 2,
        "name": "Blouse",
        "slug": "blouse",
        "description": null,
        "type": "product",
        "created_at": "2021-01-05 23:58:33",
        "updated_at": "2021-01-05 23:58:33",
        "count": 0
    },
    {
        "id": 3,
        "name": "Clothes",
        "slug": "clothes",
        "description": null,
        "type": "product",
        "created_at": "2021-01-05 23:58:33",
        "updated_at": "2021-01-05 23:58:33",
        "count": 8
    },
    {
        "id": 4,
        "name": "Design",
        "slug": "design",
        "description": null,
        "type": "product",
        "created_at": "2021-01-05 23:58:33",
        "updated_at": "2021-01-05 23:58:33",
        "count": 0
    },
    {
        "id": 5,
        "name": "Dress",
        "slug": "dress",
        "description": null,
        "type": "product",
        "created_at": "2021-01-05 23:58:33",
        "updated_at": "2021-01-05 23:58:33",
        "count": 0
    },
    {
        "id": 6,
        "name": "Fashion",
        "slug": "fashion",
        "description": null,
        "type": "product",
        "created_at": "2021-01-05 23:58:33",
        "updated_at": "2021-01-05 23:58:33",
        "count": 4
    },
    {
        "id": 7,
        "name": "Hub",
        "slug": "hub",
        "description": null,
        "type": "product",
        "created_at": "2021-01-05 23:58:33",
        "updated_at": "2021-01-05 23:58:33",
        "count": 2
    },
    {
        "id": 8,
        "name": "Jacket",
        "slug": "jacket",
        "description": null,
        "type": "product",
        "created_at": "2021-01-05 23:58:33",
        "updated_at": "2021-01-05 23:58:33",
        "count": 0
    },
    {
        "id": 9,
        "name": "Jeans",
        "slug": "jeans",
        "description": null,
        "type": "product",
        "created_at": "2021-01-05 23:58:33",
        "updated_at": "2021-01-05 23:58:33",
        "count": 0
    },
    {
        "id": 10,
        "name": "Onepiece",
        "slug": "onepiece",
        "description": null,
        "type": "product",
        "created_at": "2021-01-05 23:58:33",
        "updated_at": "2021-01-05 23:58:33",
        "count": 0
    },
    {
        "id": 11,
        "name": "Polo",
        "slug": "polo",
        "description": null,
        "type": "product",
        "created_at": "2021-01-05 23:58:33",
        "updated_at": "2021-01-05 23:58:33",
        "count": 0
    },
    {
        "id": 12,
        "name": "Shirt",
        "slug": "shirt",
        "description": null,
        "type": "product",
        "created_at": "2021-01-05 23:58:33",
        "updated_at": "2021-01-05 23:58:33",
        "count": 1
    },
    {
        "id": 13,
        "name": "Shoes",
        "slug": "shoes",
        "description": null,
        "type": "product",
        "created_at": "2021-01-05 23:58:33",
        "updated_at": "2021-01-05 23:58:33",
        "count": 0
    },
    {
        "id": 14,
        "name": "Skirt",
        "slug": "skirt",
        "description": null,
        "type": "product",
        "created_at": "2021-01-05 23:58:33",
        "updated_at": "2021-01-05 23:58:33",
        "count": 1
    },
    {
        "id": 15,
        "name": "Sports",
        "slug": "sports",
        "description": null,
        "type": "product",
        "created_at": "2021-01-05 23:58:33",
        "updated_at": "2021-01-05 23:58:33",
        "count": 3
    },
    {
        "id": 16,
        "name": "Sweater",
        "slug": "sweater",
        "description": null,
        "type": "product",
        "created_at": "2021-01-05 23:58:33",
        "updated_at": "2021-01-05 23:58:33",
        "count": 5
    },
    {
        "id": 17,
        "name": "T-shirt",
        "slug": "t-shirt",
        "description": null,
        "type": "product",
        "created_at": "2021-01-05 23:58:33",
        "updated_at": "2021-01-05 23:58:33",
        "count": 0
    },
    {
        "id": 18,
        "name": "Women",
        "slug": "women",
        "description": null,
        "type": "product",
        "created_at": "2021-01-05 23:58:33",
        "updated_at": "2021-01-05 23:58:33",
        "count": 0
    },
    {
        "id": 19,
        "name": "Fashion",
        "slug": "fashion",
        "description": null,
        "type": "post",
        "created_at": "2021-01-05 23:58:33",
        "updated_at": "2021-01-05 23:58:33",
        "count": 3
    },
    {
        "id": 20,
        "name": "Clothing",
        "slug": "clothing",
        "description": null,
        "type": "post",
        "created_at": "2021-01-05 23:58:33",
        "updated_at": "2021-01-05 23:58:33",
        "count": 1
    }
]