[
    {
        "id": 1,
        "name": "Standard rates",
        "slug": "standard_rate_rates",
        "description": "Standard rate for tax",
        "created_at": "2021-01-05 23:58:21",
        "updated_at": "2021-01-05 23:58:21",
        "tax_rates": [
            {
                "id": 1,
                "name": "west",
                "country": "US",
                "state": "CA",
                "city": "",
                "postcode": "11111",
                "rate": 10,
                "is_shipping": 0,
                "tax_type_id": 1,
                "created_at": "2021-01-05 23:58:33",
                "updated_at": "2021-01-05 23:58:33"
            }
        ]
    },
    {
        "id": 2,
        "name": "Reduced rate rates",
        "slug": "reduced_rate_rates",
        "description": null,
        "created_at": "2021-01-05 23:58:21",
        "updated_at": "2021-01-05 23:58:21",
        "tax_rates": []
    },
    {
        "id": 3,
        "name": "Zero rate rates",
        "slug": "zero_rate_rates",
        "description": null,
        "created_at": "2021-01-05 23:58:21",
        "updated_at": "2021-01-05 23:58:21",
        "tax_rates": []
    }
]