[
    {
        "id": 1,
        "name": "post-1",
        "type": "image/jpeg",
        "copy_link": "post-1.jpg",
        "size": 9095,
        "width": 265,
        "height": 198,
        "alt_text": null,
        "description": null,
        "created_at": "2021-01-05 23:58:33",
        "uploaded_by": "Joe Doe"
    },
    {
        "id": 2,
        "name": "post-2",
        "type": "image/jpeg",
        "copy_link": "post-2.jpg",
        "size": 13652,
        "width": 265,
        "height": 198,
        "alt_text": null,
        "description": null,
        "created_at": "2021-01-05 23:58:33",
        "uploaded_by": "Joe Doe"
    },
    {
        "id": 3,
        "name": "post-3",
        "type": "image/jpeg",
        "copy_link": "post-3.jpg",
        "size": 12088,
        "width": 265,
        "height": 198,
        "alt_text": null,
        "description": null,
        "created_at": "2021-01-05 23:58:33",
        "uploaded_by": "Joe Doe"
    },
    {
        "id": 4,
        "name": "post-4",
        "type": "image/jpeg",
        "copy_link": "post-4.jpg",
        "size": 15289,
        "width": 265,
        "height": 198,
        "alt_text": null,
        "description": null,
        "created_at": "2021-01-05 23:58:33",
        "uploaded_by": "Joe Doe"
    },
    {
        "id": 5,
        "name": "product1",
        "type": "image/jpeg",
        "copy_link": "product1.jpg",
        "size": 20321,
        "width": 566,
        "height": 566,
        "alt_text": null,
        "description": null,
        "created_at": "2021-01-05 23:58:33",
        "uploaded_by": "Joe Doe"
    },
    {
        "id": 6,
        "name": "product2",
        "type": "image/jpeg",
        "copy_link": "product2.jpg",
        "size": 10997,
        "width": 800,
        "height": 800,
        "alt_text": null,
        "description": null,
        "created_at": "2021-01-05 23:58:33",
        "uploaded_by": "Joe Doe"
    },
    {
        "id": 7,
        "name": "product3",
        "type": "image/jpeg",
        "copy_link": "product3.jpg",
        "size": 20119,
        "width": 800,
        "height": 800,
        "alt_text": null,
        "description": null,
        "created_at": "2021-01-05 23:58:33",
        "uploaded_by": "Sven Doe"
    },
    {
        "id": 8,
        "name": "product4",
        "type": "image/jpeg",
        "copy_link": "product4.jpg",
        "size": 11998,
        "width": 800,
        "height": 800,
        "alt_text": null,
        "description": null,
        "created_at": "2021-01-05 23:58:33",
        "uploaded_by": "Joe Doe"
    },
    {
        "id": 9,
        "name": "product5",
        "type": "image/jpeg",
        "copy_link": "product5.jpg",
        "size": 9599,
        "width": 800,
        "height": 800,
        "alt_text": null,
        "description": null,
        "created_at": "2021-01-05 23:58:33",
        "uploaded_by": "Joe Doe"
    },
    {
        "id": 10,
        "name": "product6",
        "type": "image/jpeg",
        "copy_link": "product6.jpg",
        "size": 12210,
        "width": 800,
        "height": 800,
        "alt_text": null,
        "description": null,
        "created_at": "2021-01-05 23:58:33",
        "uploaded_by": "Joe Doe"
    },
    {
        "id": 11,
        "name": "product7",
        "type": "image/jpeg",
        "copy_link": "product7.jpg",
        "size": 10107,
        "width": 800,
        "height": 800,
        "alt_text": null,
        "description": null,
        "created_at": "2021-01-05 23:58:33",
        "uploaded_by": "John Doe"
    },
    {
        "id": 12,
        "name": "product8",
        "type": "image/jpeg",
        "copy_link": "product8.jpg",
        "size": 19384,
        "width": 800,
        "height": 800,
        "alt_text": null,
        "description": null,
        "created_at": "2021-01-05 23:58:33",
        "uploaded_by": "Joe Doe"
    },
    {
        "id": 13,
        "name": "product8_1",
        "type": "image/jpeg",
        "copy_link": "product8_1.jpg",
        "size": 21063,
        "width": 800,
        "height": 800,
        "alt_text": null,
        "description": null,
        "created_at": "2021-01-05 23:58:33",
        "uploaded_by": "Joe Doe"
    },
    {
        "id": 14,
        "name": "product9",
        "type": "image/jpeg",
        "copy_link": "product9.jpg",
        "size": 7543,
        "width": 700,
        "height": 700,
        "alt_text": null,
        "description": null,
        "created_at": "2021-01-05 23:58:33",
        "uploaded_by": "Joe Doe"
    },
    {
        "id": 15,
        "name": "product10",
        "type": "image/jpeg",
        "copy_link": "product10.jpg",
        "size": 8155,
        "width": 750,
        "height": 750,
        "alt_text": null,
        "description": null,
        "created_at": "2021-01-05 23:58:33",
        "uploaded_by": "John Doe"
    },
    {
        "id": 16,
        "name": "product11",
        "type": "image/jpeg",
        "copy_link": "product11.jpg",
        "size": 19642,
        "width": 800,
        "height": 800,
        "alt_text": null,
        "description": null,
        "created_at": "2021-01-05 23:58:33",
        "uploaded_by": "Joe Doe"
    },
    {
        "id": 17,
        "name": "product12",
        "type": "image/jpeg",
        "copy_link": "product12.jpg",
        "size": 6996,
        "width": 750,
        "height": 750,
        "alt_text": null,
        "description": null,
        "created_at": "2021-01-05 23:58:33",
        "uploaded_by": "Sven Doe"
    },
    {
        "id": 18,
        "name": "product13",
        "type": "image/jpeg",
        "copy_link": "product13.jpg",
        "size": 10482,
        "width": 800,
        "height": 800,
        "alt_text": null,
        "description": null,
        "created_at": "2021-01-05 23:58:33",
        "uploaded_by": "Joe Doe"
    },
    {
        "id": 19,
        "name": "product14",
        "type": "image/jpeg",
        "copy_link": "product14.jpg",
        "size": 17001,
        "width": 800,
        "height": 800,
        "alt_text": null,
        "description": null,
        "created_at": "2021-01-05 23:58:33",
        "uploaded_by": "Joe Doe"
    },
    {
        "id": 20,
        "name": "product15",
        "type": "image/jpeg",
        "copy_link": "product15.jpg",
        "size": 17720,
        "width": 800,
        "height": 800,
        "alt_text": null,
        "description": null,
        "created_at": "2021-01-05 23:58:33",
        "uploaded_by": "Joe Doe"
    },
    {
        "id": 21,
        "name": "product16",
        "type": "image/jpeg",
        "copy_link": "product16.jpg",
        "size": 19401,
        "width": 800,
        "height": 800,
        "alt_text": null,
        "description": null,
        "created_at": "2021-01-05 23:58:33",
        "uploaded_by": "Joe Doe"
    },
    {
        "id": 22,
        "name": "product17",
        "type": "image/jpeg",
        "copy_link": "product17.jpg",
        "size": 6396,
        "width": 566,
        "height": 566,
        "alt_text": null,
        "description": null,
        "created_at": "2021-01-05 23:58:33",
        "uploaded_by": "Sven Doe"
    },
    {
        "id": 23,
        "name": "product18",
        "type": "image/jpeg",
        "copy_link": "product18.jpg",
        "size": 15351,
        "width": 800,
        "height": 800,
        "alt_text": null,
        "description": null,
        "created_at": "2021-01-05 23:58:33",
        "uploaded_by": "Alex Doe"
    },
    {
        "id": 24,
        "name": "product19",
        "type": "image/jpeg",
        "copy_link": "product19.jpg",
        "size": 11467,
        "width": 800,
        "height": 800,
        "alt_text": null,
        "description": null,
        "created_at": "2021-01-05 23:58:33",
        "uploaded_by": "Sven Doe"
    },
    {
        "id": 25,
        "name": "product20",
        "type": "image/jpeg",
        "copy_link": "product20.jpg",
        "size": 27514,
        "width": 800,
        "height": 800,
        "alt_text": null,
        "description": null,
        "created_at": "2021-01-05 23:58:33",
        "uploaded_by": "Alex Doe"
    },
    {
        "id": 26,
        "name": "product21",
        "type": "image/jpeg",
        "copy_link": "product21.jpg",
        "size": 19723,
        "width": 800,
        "height": 800,
        "alt_text": null,
        "description": null,
        "created_at": "2021-01-05 23:58:33",
        "uploaded_by": "Alex Doe"
    },
    {
        "id": 27,
        "name": "banner-1",
        "type": "image/jpeg",
        "copy_link": "banner-1.jpg",
        "size": 4775,
        "width": 625,
        "height": 299,
        "alt_text": null,
        "description": null,
        "created_at": "2021-01-05 23:58:33",
        "uploaded_by": "Alex Doe"
    },
    {
        "id": 28,
        "name": "vendor-1",
        "type": "image/jpeg",
        "copy_link": "vendor-1.jpg",
        "size": 2435,
        "width": 150,
        "height": 150,
        "alt_text": null,
        "description": null,
        "created_at": "2021-01-05 23:58:33",
        "uploaded_by": "Alex Doe"
    },
    {
        "id": 29,
        "name": "banner-2",
        "type": "image/jpeg",
        "copy_link": "banner-2.jpg",
        "size": 35161,
        "width": 625,
        "height": 300,
        "alt_text": null,
        "description": null,
        "created_at": "2021-01-05 23:58:33",
        "uploaded_by": "Sven Doe"
    },
    {
        "id": 30,
        "name": "vendor-2",
        "type": "image/jpeg",
        "copy_link": "vendor-2.png",
        "size": 2186,
        "width": 140,
        "height": 140,
        "alt_text": null,
        "description": null,
        "created_at": "2021-01-05 23:58:33",
        "uploaded_by": "Sven Doe"
    },
    {
        "id": 31,
        "name": "vendor-3",
        "type": "image/jpeg",
        "copy_link": "vendor-3.png",
        "size": 1984,
        "width": 142,
        "height": 142,
        "alt_text": null,
        "description": null,
        "created_at": "2021-01-05 23:58:33",
        "uploaded_by": "John Doe"
    }
]